gene_id	canonical_gene_id	split	label	is_labeled	in_graph	score_baseline	score_ESM2	mean_raw_score_baseline	mean_raw_score_ESM2	rank_baseline	rank_ESM2	delta_score	percentile_gain	rank_gain	n_seeds_baseline	n_seeds_ESM2	top100_baseline	top100_ESM2	candidate_class_top100	top200_baseline	top200_ESM2	candidate_class_top200	top500_baseline	top500_ESM2	candidate_class_top500	rescued_definition
FGRAMPH1_01G18017	fgraminearum::FGRAMPH1_01G18017	train	0.0	True	True	0.41273327701405427	0.9670839413255511	0.15013119019567964	0.872968876361847	7650	380	0.5543506643114968	0.5543506643114968	7270	5	5	False	False	Neither	False	False	Neither	False	True	ESM2_unique	not Top500 baseline; Top500 ESM2; rank_gain >= 500 or percentile_gain >= 0.2
FGRAMPH1_01G26309	fgraminearum::FGRAMPH1_01G26309	train	1.0	True	False	0.5936256815912756	0.9615851317103141	0.18892329335212704	0.9497436285018921	5318	465	0.3679594501190385	0.3679594501190385	4853	5	5	False	False	Neither	False	False	Neither	False	True	ESM2_unique	not Top500 baseline; Top500 ESM2; rank_gain >= 500 or percentile_gain >= 0.2
FGRAMPH1_01G17083	fgraminearum::FGRAMPH1_01G17083	test	0.0	True	False	0.632501343982797	0.9991705706166961	0.2191460072994232	0.996734619140625	4692	5	0.3666692266338991	0.3666692266338991	4687	5	5	False	True	ESM2_unique	False	True	ESM2_unique	False	True	ESM2_unique	not Top500 baseline; Top500 ESM2; rank_gain >= 500 or percentile_gain >= 0.2
FGRAMPH1_01G01237	fgraminearum::FGRAMPH1_01G01237	train	0.0	True	False	0.6333614929728899	0.9848859534597958	0.22029622793197629	0.9787359833717346	4677	159	0.3515244604869059	0.3515244604869059	4518	5	5	False	False	Neither	False	True	ESM2_unique	False	True	ESM2_unique	not Top500 baseline; Top500 ESM2; rank_gain >= 500 or percentile_gain >= 0.2
FGRAMPH1_01G26671	fgraminearum::FGRAMPH1_01G26671	test	0.0	True	False	0.639397895706935	0.9761308655249212	0.2277091771364212	0.9688266277313232	4609	263	0.3367329698179863	0.3367329698179863	4346	5	5	False	False	Neither	False	False	Neither	False	True	ESM2_unique	not Top500 baseline; Top500 ESM2; rank_gain >= 500 or percentile_gain >= 0.2
FGRAMPH1_01G06067	fgraminearum::FGRAMPH1_01G06067	train	0.0	True	False	0.6302741724905921	0.9599262729437064	0.21640698313713075	0.9443956971168518	4720	482	0.3296521004531142	0.3296521004531142	4238	5	5	False	False	Neither	False	False	Neither	False	True	ESM2_unique	not Top500 baseline; Top500 ESM2; rank_gain >= 500 or percentile_gain >= 0.2
FGRAMPH1_01G22917	fgraminearum::FGRAMPH1_01G22917	train	1.0	True	False	0.6641425389755011	0.9825051839336456	0.2623934060335159	0.9759129166603089	4321	189	0.3183626449581445	0.3183626449581445	4132	5	5	False	False	Neither	False	True	ESM2_unique	False	True	ESM2_unique	not Top500 baseline; Top500 ESM2; rank_gain >= 500 or percentile_gain >= 0.2
FGRAMPH1_01G17373	fgraminearum::FGRAMPH1_01G17373	train	1.0	True	True	0.6607326626219184	0.974963520466938	0.259364777803421	0.9657641172409057	4372	281	0.3142308578450196	0.3142308578450196	4091	5	5	False	False	Neither	False	False	Neither	False	True	ESM2_unique	not Top500 baseline; Top500 ESM2; rank_gain >= 500 or percentile_gain >= 0.2
FGRAMPH1_01G07249	fgraminearum::FGRAMPH1_01G07249	train	1.0	True	False	0.674725443514323	0.9919668228246679	0.2796673893928528	0.986462390422821	4159	76	0.3172413793103449	0.3172413793103449	4083	5	5	False	True	ESM2_unique	False	True	ESM2_unique	False	True	ESM2_unique	not Top500 baseline; Top500 ESM2; rank_gain >= 500 or percentile_gain >= 0.2
FGRAMPH1_01G25957	fgraminearum::FGRAMPH1_01G25957	train	1.0	True	True	0.6480301052146533	0.9589586053298518	0.2895585715770721	0.9461732387542725	4521	489	0.31092850011519846	0.31092850011519846	4032	5	5	False	False	Neither	False	False	Neither	False	True	ESM2_unique	not Top500 baseline; Top500 ESM2; rank_gain >= 500 or percentile_gain >= 0.2
FGRAMPH1_01G23327	fgraminearum::FGRAMPH1_01G23327	train	1.0	True	False	0.6882113508947085	0.9804776898855694	0.30395432114601134	0.9720571279525757	4001	218	0.29226633899086085	0.29226633899086085	3783	5	5	False	False	Neither	False	False	Neither	False	True	ESM2_unique	not Top500 baseline; Top500 ESM2; rank_gain >= 500 or percentile_gain >= 0.2
FGRAMPH1_01G26141	fgraminearum::FGRAMPH1_01G26141	test	0.0	True	True	0.6943399124491206	0.984809154442823	0.31211986541748044	0.9773687481880188	3921	161	0.2904692419937024	0.2904692419937024	3760	5	5	False	False	Neither	False	True	ESM2_unique	False	True	ESM2_unique	not Top500 baseline; Top500 ESM2; rank_gain >= 500 or percentile_gain >= 0.2
FGRAMPH1_01G20303	fgraminearum::FGRAMPH1_01G20303	train	1.0	True	True	0.7009292681053683	0.9870516857384226	0.32641003429889676	0.9798694372177124	3852	134	0.28612241763305435	0.28612241763305435	3718	5	5	False	False	Neither	False	True	ESM2_unique	False	True	ESM2_unique	not Top500 baseline; Top500 ESM2; rank_gain >= 500 or percentile_gain >= 0.2
FGRAMPH1_01G28077	fgraminearum::FGRAMPH1_01G28077	train	1.0	True	False	0.6846017970969971	0.9581906151601259	0.2963721573352814	0.947862732410431	4050	497	0.27358881806312885	0.27358881806312885	3553	5	5	False	False	Neither	False	False	Neither	False	True	ESM2_unique	not Top500 baseline; Top500 ESM2; rank_gain >= 500 or percentile_gain >= 0.2
FGRAMPH1_01G01091	fgraminearum::FGRAMPH1_01G01091	train	1.0	True	False	0.7264726211504493	0.9985561784809154	0.38298141956329346	0.9950322031974792	3509	14	0.2720835573304661	0.2720835573304661	3495	5	5	False	True	ESM2_unique	False	True	ESM2_unique	False	True	ESM2_unique	not Top500 baseline; Top500 ESM2; rank_gain >= 500 or percentile_gain >= 0.2
FGRAMPH1_01G02051	fgraminearum::FGRAMPH1_01G02051	train	1.0	True	False	0.7096997158436372	0.9779126027186852	0.3461378633975982	0.9687964200973511	3733	244	0.26821288687504796	0.26821288687504796	3489	5	5	False	False	Neither	False	False	Neither	False	True	ESM2_unique	not Top500 baseline; Top500 ESM2; rank_gain >= 500 or percentile_gain >= 0.2
FGRAMPH1_01G23505	fgraminearum::FGRAMPH1_01G23505	train	1.0	True	False	0.6989324936640811	0.966546348206743	0.3234663307666778	0.9553573608398438	3879	393	0.26761385454266196	0.26761385454266196	3486	5	5	False	False	Neither	False	False	Neither	False	True	ESM2_unique	not Top500 baseline; Top500 ESM2; rank_gain >= 500 or percentile_gain >= 0.2
FGRAMPH1_01G03115	fgraminearum::FGRAMPH1_01G03115	train	1.0	True	True	0.7027263651025267	0.9674218570002304	0.33373056054115297	0.9592991232872009	3834	375	0.2646954918977037	0.2646954918977037	3459	5	5	False	False	Neither	False	False	Neither	False	True	ESM2_unique	not Top500 baseline; Top500 ESM2; rank_gain >= 500 or percentile_gain >= 0.2
FGRAMPH1_01G03715	fgraminearum::FGRAMPH1_01G03715	test	1.0	True	False	0.7319560709622916	0.9787420321019891	0.3938554465770721	0.970080578327179	3440	234	0.24678596113969742	0.24678596113969742	3206	5	5	False	False	Neither	False	False	Neither	False	True	ESM2_unique	not Top500 baseline; Top500 ESM2; rank_gain >= 500 or percentile_gain >= 0.2
FGRAMPH1_01G01045	fgraminearum::FGRAMPH1_01G01045	val	1.0	True	True	0.7228477075493434	0.9649489286537133	0.41579494476318357	0.9517714381217957	3568	419	0.24210122110436993	0.24210122110436993	3149	5	5	False	False	Neither	False	False	Neither	False	True	ESM2_unique	not Top500 baseline; Top500 ESM2; rank_gain >= 500 or percentile_gain >= 0.2
FGRAMPH1_01G16349	fgraminearum::FGRAMPH1_01G16349	train	1.0	True	True	0.7783887566239153	0.9998924813762384	0.5100484251976013	0.9985379934310913	2864	1	0.22150372475232316	0.22150372475232316	2863	5	5	False	True	ESM2_unique	False	True	ESM2_unique	False	True	ESM2_unique	not Top500 baseline; Top500 ESM2; rank_gain >= 500 or percentile_gain >= 0.2
FGRAMPH1_01G04705	fgraminearum::FGRAMPH1_01G04705	test	0.0	True	True	0.7757468704400583	0.9914292297058598	0.4937166929244995	0.9855269312858581	2891	83	0.21568235926580148	0.21568235926580148	2808	5	5	False	True	ESM2_unique	False	True	ESM2_unique	False	True	ESM2_unique	not Top500 baseline; Top500 ESM2; rank_gain >= 500 or percentile_gain >= 0.2
FGRAMPH1_01G20021	fgraminearum::FGRAMPH1_01G20021	test	0.0	True	True	0.7787727517087781	0.9870363259350281	0.508696722984314	0.9813286066055298	2858	135	0.20826357422624997	0.20826357422624997	2723	5	5	False	False	Neither	False	True	ESM2_unique	False	True	ESM2_unique	not Top500 baseline; Top500 ESM2; rank_gain >= 500 or percentile_gain >= 0.2
FGRAMPH1_01G06775	FGRAMPH1_01G06775			False	True	0.7710928500115198	0.9754243145687734	0.4844838559627533	0.9682834506034851	2954	278	0.2043314645572536	0.2043314645572536	2676	5	5	False	False	Neither	False	False	Neither	False	True	ESM2_unique	not Top500 baseline; Top500 ESM2; rank_gain >= 500 or percentile_gain >= 0.2
FGRAMPH1_01G19277	fgraminearum::FGRAMPH1_01G19277	val	0.0	True	True	0.7601105905844405	0.9630289532293986	0.45612198710441587	0.9496477246284485	3108	445	0.2029183626449581	0.2029183626449581	2663	5	5	False	False	Neither	False	False	Neither	False	True	ESM2_unique	not Top500 baseline; Top500 ESM2; rank_gain >= 500 or percentile_gain >= 0.2
FGRAMPH1_01G05071	fgraminearum::FGRAMPH1_01G05071	test	0.0	True	True	0.7859918593042009	0.9870670455418171	0.5264125645160675	0.9837919235229492	2773	131	0.20107518623761622	0.20107518623761622	2642	5	5	False	False	Neither	False	True	ESM2_unique	False	True	ESM2_unique	not Top500 baseline; Top500 ESM2; rank_gain >= 500 or percentile_gain >= 0.2
FGRAMPH1_01G26267	fgraminearum::FGRAMPH1_01G26267	train	1.0	True	True	0.7798172183396053	0.971691882343906	0.5103155970573425	0.9602283239364624	2848	319	0.19187466400430075	0.19187466400430075	2529	5	5	False	False	Neither	False	False	Neither	False	True	ESM2_unique	not Top500 baseline; Top500 ESM2; rank_gain >= 500 or percentile_gain >= 0.2
FGRAMPH1_01G24107	fgraminearum::FGRAMPH1_01G24107	test	0.0	True	True	0.7830120574456647	0.973120344059596	0.5163704633712769	0.9646987080574035	2809	297	0.1901082866139313	0.1901082866139313	2512	5	5	False	False	Neither	False	False	Neither	False	True	ESM2_unique	not Top500 baseline; Top500 ESM2; rank_gain >= 500 or percentile_gain >= 0.2
FGRAMPH1_01G17945	fgraminearum::FGRAMPH1_01G17945	train	1.0	True	True	0.7978649873281622	0.9838414868289685	0.5599772572517395	0.9753394007682801	2624	172	0.1859764995008063	0.1859764995008063	2452	5	5	False	False	Neither	False	True	ESM2_unique	False	True	ESM2_unique	not Top500 baseline; Top500 ESM2; rank_gain >= 500 or percentile_gain >= 0.2
FGRAMPH1_01G10777	FGRAMPH1_01G10777			False	True	0.803271638123032	0.9876814376775978	0.568593007326126	0.9795210838317872	2547	122	0.1844097995545657	0.1844097995545657	2425	5	5	False	False	Neither	False	True	ESM2_unique	False	True	ESM2_unique	not Top500 baseline; Top500 ESM2; rank_gain >= 500 or percentile_gain >= 0.2
FGRAMPH1_01G20749	fgraminearum::FGRAMPH1_01G20749	train	1.0	True	False	0.8086014899009293	0.9953152599646724	0.5886237621307373	0.9895634651184082	2462	45	0.18671377006374312	0.18671377006374312	2417	5	5	False	True	ESM2_unique	False	True	ESM2_unique	False	True	ESM2_unique	not Top500 baseline; Top500 ESM2; rank_gain >= 500 or percentile_gain >= 0.2
FGRAMPH1_01G19857	FGRAMPH1_01G19857			False	True	0.7978342677213732	0.9808924045772214	0.5592429757118225	0.9728001236915589	2625	213	0.18305813685584815	0.18305813685584815	2412	5	5	False	False	Neither	False	False	Neither	False	True	ESM2_unique	not Top500 baseline; Top500 ESM2; rank_gain >= 500 or percentile_gain >= 0.2
FGRAMPH1_01G06263	fgraminearum::FGRAMPH1_01G06263	train	0.0	True	True	0.8069272713309269	0.9887719837186084	0.5823308229446411	0.9830240488052369	2486	111	0.18184471238768152	0.18184471238768152	2375	5	5	False	False	Neither	False	True	ESM2_unique	False	True	ESM2_unique	not Top500 baseline; Top500 ESM2; rank_gain >= 500 or percentile_gain >= 0.2
FGRAMPH1_01G14311	fgraminearum::FGRAMPH1_01G14311	train	1.0	True	True	0.7837493280086015	0.9625220797173796	0.523977530002594	0.9525668501853943	2802	451	0.17877275170877804	0.17877275170877804	2351	5	5	False	False	Neither	False	False	Neither	False	True	ESM2_unique	not Top500 baseline; Top500 ESM2; rank_gain >= 500 or percentile_gain >= 0.2
FGRAMPH1_01G24753	fgraminearum::FGRAMPH1_01G24753	train	1.0	True	False	0.7940864756931111	0.9701866216112434	0.5525116920471191	0.9609725117683411	2676	343	0.17610014591813228	0.17610014591813228	2333	5	5	False	False	Neither	False	False	Neither	False	True	ESM2_unique	not Top500 baseline; Top500 ESM2; rank_gain >= 500 or percentile_gain >= 0.2
FGRAMPH1_01G06803	fgraminearum::FGRAMPH1_01G06803	train	1.0	True	False	0.818139927808924	0.998064664772291	0.6136512756347656	0.9943604469299316	2347	19	0.17992473696336708	0.17992473696336708	2328	5	5	False	True	ESM2_unique	False	True	ESM2_unique	False	True	ESM2_unique	not Top500 baseline; Top500 ESM2; rank_gain >= 500 or percentile_gain >= 0.2
FGRAMPH1_01G17785	fgraminearum::FGRAMPH1_01G17785	val	0.0	True	True	0.783319253513555	0.9583288533906765	0.5226698160171509	0.9437771081924439	2807	496	0.1750095998771215	0.1750095998771215	2311	5	5	False	False	Neither	False	False	Neither	False	True	ESM2_unique	not Top500 baseline; Top500 ESM2; rank_gain >= 500 or percentile_gain >= 0.2
FGRAMPH1_01G22455	fgraminearum::FGRAMPH1_01G22455	train	1.0	True	True	0.8140849397127716	0.9835650103678674	0.5944890856742859	0.9775691032409668	2391	175	0.16948007065509574	0.16948007065509574	2216	5	5	False	False	Neither	False	True	ESM2_unique	False	True	ESM2_unique	not Top500 baseline; Top500 ESM2; rank_gain >= 500 or percentile_gain >= 0.2
FGRAMPH1_01G14849	fgraminearum::FGRAMPH1_01G14849	train	1.0	True	False	0.8031026802856923	0.9637508639889409	0.5742830097675323	0.9523858785629272	2551	439	0.16064818370324863	0.16064818370324863	2112	5	5	False	False	Neither	False	False	Neither	False	True	ESM2_unique	not Top500 baseline; Top500 ESM2; rank_gain >= 500 or percentile_gain >= 0.2
FGRAMPH1_01G24455	fgraminearum::FGRAMPH1_01G24455	train	1.0	True	False	0.8241763305429691	0.979986176176945	0.6274837493896485	0.972786259651184	2275	221	0.15580984563397582	0.15580984563397582	2054	5	5	False	False	Neither	False	False	Neither	False	True	ESM2_unique	not Top500 baseline; Top500 ESM2; rank_gain >= 500 or percentile_gain >= 0.2
FGRAMPH1_01G20597	fgraminearum::FGRAMPH1_01G20597	train	1.0	True	True	0.8252822363873742	0.9784348360340989	0.6283491253852844	0.9715215802192688	2261	238	0.15315259964672467	0.15315259964672467	2023	5	5	False	False	Neither	False	False	Neither	False	True	ESM2_unique	not Top500 baseline; Top500 ESM2; rank_gain >= 500 or percentile_gain >= 0.2
FGRAMPH1_01G18515	fgraminearum::FGRAMPH1_01G18515	val	1.0	True	False	0.8397511711850087	0.9953459795714614	0.6677538990974426	0.9905451893806457	2063	43	0.15559480838645268	0.15559480838645268	2020	5	5	False	True	ESM2_unique	False	True	ESM2_unique	False	True	ESM2_unique	not Top500 baseline; Top500 ESM2; rank_gain >= 500 or percentile_gain >= 0.2
FGRAMPH1_01G19855	fgraminearum::FGRAMPH1_01G19855	train	1.0	True	True	0.8283388372628829	0.9818139927808923	0.635113251209259	0.9711530089378357	2219	204	0.1534751555180094	0.1534751555180094	2015	5	5	False	False	Neither	False	False	Neither	False	True	ESM2_unique	not Top500 baseline; Top500 ESM2; rank_gain >= 500 or percentile_gain >= 0.2
FGRAMPH1_01G14553	FGRAMPH1_01G14553			False	True	0.8360648183703248	0.9854081867752094	0.6581740021705628	0.9781654477119446	2117	154	0.1493433684048846	0.1493433684048846	1963	5	5	False	False	Neither	False	True	ESM2_unique	False	True	ESM2_unique	not Top500 baseline; Top500 ESM2; rank_gain >= 500 or percentile_gain >= 0.2
FGRAMPH1_01G26405	FGRAMPH1_01G26405			False	True	0.840887796636203	0.9881729513862222	0.6655527353286743	0.9824209094047547	2041	117	0.14728515475001913	0.14728515475001913	1924	5	5	False	False	Neither	False	True	ESM2_unique	False	True	ESM2_unique	not Top500 baseline; Top500 ESM2; rank_gain >= 500 or percentile_gain >= 0.2
FGRAMPH1_01G02861	fgraminearum::FGRAMPH1_01G02861	train	1.0	True	True	0.8358037017126181	0.9823515858997005	0.6544768571853637	0.9749449610710144	2119	196	0.14654788418708242	0.14654788418708242	1923	5	5	False	False	Neither	False	True	ESM2_unique	False	True	ESM2_unique	not Top500 baseline; Top500 ESM2; rank_gain >= 500 or percentile_gain >= 0.2
FGRAMPH1_01G01891	fgraminearum::FGRAMPH1_01G01891	train	1.0	True	True	0.835204669380232	0.9744259273481299	0.6532144188880921	0.9649848937988281	2133	286	0.13922125796789797	0.13922125796789797	1847	5	5	False	False	Neither	False	False	Neither	False	True	ESM2_unique	not Top500 baseline; Top500 ESM2; rank_gain >= 500 or percentile_gain >= 0.2
FGRAMPH1_01G02193	fgraminearum::FGRAMPH1_01G02193	test	1.0	True	False	0.842224099531526	0.9825666231472237	0.673629641532898	0.9749345183372498	2021	187	0.14034252361569766	0.14034252361569766	1834	5	5	False	False	Neither	False	True	ESM2_unique	False	True	ESM2_unique	not Top500 baseline; Top500 ESM2; rank_gain >= 500 or percentile_gain >= 0.2
FGRAMPH1_01G23225	fgraminearum::FGRAMPH1_01G23225	train	1.0	True	False	0.8217802012134244	0.9612164964288457	0.6216423511505127	0.9493643164634704	2301	469	0.13943629521542122	0.13943629521542122	1832	5	5	False	False	Neither	False	False	Neither	False	True	ESM2_unique	not Top500 baseline; Top500 ESM2; rank_gain >= 500 or percentile_gain >= 0.2
FGRAMPH1_01G26333	fgraminearum::FGRAMPH1_01G26333	val	1.0	True	False	0.8547730589048459	0.9900468474003533	0.7034659266471863	0.9830400705337524	1870	96	0.13527378849550742	0.13527378849550742	1774	5	5	False	True	ESM2_unique	False	True	ESM2_unique	False	True	ESM2_unique	not Top500 baseline; Top500 ESM2; rank_gain >= 500 or percentile_gain >= 0.2
FGRAMPH1_01G17563	FGRAMPH1_01G17563			False	True	0.8421473005145534	0.9773289301896936	0.6686351060867309	0.968659782409668	2023	251	0.13518162967514014	0.13518162967514014	1772	5	5	False	False	Neither	False	False	Neither	False	True	ESM2_unique	not Top500 baseline; Top500 ESM2; rank_gain >= 500 or percentile_gain >= 0.2
FGRAMPH1_01G01117	fgraminearum::FGRAMPH1_01G01117	train	1.0	True	True	0.831902311650411	0.9652254051148145	0.6425328969955444	0.9539489388465882	2178	411	0.13332309346440352	0.13332309346440352	1767	5	5	False	False	Neither	False	False	Neither	False	True	ESM2_unique	not Top500 baseline; Top500 ESM2; rank_gain >= 500 or percentile_gain >= 0.2
FGRAMPH1_01G23417	fgraminearum::FGRAMPH1_01G23417	train	1.0	True	True	0.8362644958144536	0.9695107902618847	0.6523494243621826	0.9593188166618347	2114	351	0.13324629444743108	0.13324629444743108	1763	5	5	False	False	Neither	False	False	Neither	False	True	ESM2_unique	not Top500 baseline; Top500 ESM2; rank_gain >= 500 or percentile_gain >= 0.2
FGRAMPH1_01G01889	fgraminearum::FGRAMPH1_01G01889	test	0.0	True	True	0.8276322863067354	0.9601105905844406	0.6252065658569336	0.9490019917488098	2227	480	0.13247830427770524	0.13247830427770524	1747	5	5	False	False	Neither	False	False	Neither	False	True	ESM2_unique	not Top500 baseline; Top500 ESM2; rank_gain >= 500 or percentile_gain >= 0.2
FGRAMPH1_01G06383	fgraminearum::FGRAMPH1_01G06383	test	0.0	True	True	0.8478765071807081	0.9792796252207971	0.6859795331954956	0.972435998916626	1952	226	0.13140311804008908	0.13140311804008908	1726	5	5	False	False	Neither	False	False	Neither	False	True	ESM2_unique	not Top500 baseline; Top500 ESM2; rank_gain >= 500 or percentile_gain >= 0.2
FGRAMPH1_01G19961	fgraminearum::FGRAMPH1_01G19961	val	0.0	True	True	0.8357883419092236	0.9658858766607787	0.646303129196167	0.9576043963432312	2121	399	0.13009753475155517	0.13009753475155517	1722	5	5	False	False	Neither	False	False	Neither	False	True	ESM2_unique	not Top500 baseline; Top500 ESM2; rank_gain >= 500 or percentile_gain >= 0.2
FGRAMPH1_01G24119	FGRAMPH1_01G24119			False	True	0.8459565317563935	0.9772060517625375	0.6786830067634583	0.9709173917770386	1975	254	0.13124952000614398	0.13124952000614398	1721	5	5	False	False	Neither	False	False	Neither	False	True	ESM2_unique	not Top500 baseline; Top500 ESM2; rank_gain >= 500 or percentile_gain >= 0.2
FGRAMPH1_01G06609	fgraminearum::FGRAMPH1_01G06609	train	1.0	True	False	0.8633899086091699	0.995392058981645	0.7251368999481201	0.9913464188575745	1745	42	0.1320021503724751	0.1320021503724751	1703	5	5	False	True	ESM2_unique	False	True	ESM2_unique	False	True	ESM2_unique	not Top500 baseline; Top500 ESM2; rank_gain >= 500 or percentile_gain >= 0.2
FGRAMPH1_01G23215	fgraminearum::FGRAMPH1_01G23215	train	0.0	True	True	0.8329621380846325	0.9615236924967361	0.615037739276886	0.9476239919662476	2161	467	0.1285615544121036	0.1285615544121036	1694	5	5	False	False	Neither	False	False	Neither	False	True	ESM2_unique	not Top500 baseline; Top500 ESM2; rank_gain >= 500 or percentile_gain >= 0.2
FGRAMPH1_01G00499	fgraminearum::FGRAMPH1_01G00499	train	0.0	True	True	0.8562783196375087	0.9824130251132785	0.6988415598869324	0.9768096327781677	1849	192	0.12613470547576988	0.12613470547576988	1657	5	5	False	False	Neither	False	True	ESM2_unique	False	True	ESM2_unique	not Top500 baseline; Top500 ESM2; rank_gain >= 500 or percentile_gain >= 0.2
FGRAMPH1_01G03657	fgraminearum::FGRAMPH1_01G03657	train	1.0	True	True	0.8396282927578527	0.9648260502265572	0.6580488681793213	0.9555313348770141	2066	423	0.12519775746870454	0.12519775746870454	1643	5	5	False	False	Neither	False	False	Neither	False	True	ESM2_unique	not Top500 baseline; Top500 ESM2; rank_gain >= 500 or percentile_gain >= 0.2
FGRAMPH1_01G08281	fgraminearum::FGRAMPH1_01G08281	train	1.0	True	True	0.8568159127563166	0.9816296751401582	0.710407042503357	0.9723391890525818	1837	206	0.12481376238384156	0.12481376238384156	1631	5	5	False	False	Neither	False	False	Neither	False	True	ESM2_unique	not Top500 baseline; Top500 ESM2; rank_gain >= 500 or percentile_gain >= 0.2
FGRAMPH1_01G15079	fgraminearum::FGRAMPH1_01G15079	train	1.0	True	False	0.870501497580831	0.9929652100453115	0.7409203529357911	0.9876468181610107	1665	66	0.12246371246448051	0.12246371246448051	1599	5	5	False	True	ESM2_unique	False	True	ESM2_unique	False	True	ESM2_unique	not Top500 baseline; Top500 ESM2; rank_gain >= 500 or percentile_gain >= 0.2
FGRAMPH1_01G14289	fgraminearum::FGRAMPH1_01G14289	test	1.0	True	False	0.8675524153290837	0.9853313877582368	0.7340730547904968	0.9798375010490418	1699	156	0.11777897242915314	0.11777897242915314	1543	5	5	False	False	Neither	False	True	ESM2_unique	False	True	ESM2_unique	not Top500 baseline; Top500 ESM2; rank_gain >= 500 or percentile_gain >= 0.2
FGRAMPH1_01G18931	fgraminearum::FGRAMPH1_01G18931	train	1.0	True	False	0.858490131326319	0.97490208125336	0.7133098125457764	0.9668532609939575	1811	283	0.11641194992704096	0.11641194992704096	1528	5	5	False	False	Neither	False	False	Neither	False	True	ESM2_unique	not Top500 baseline; Top500 ESM2; rank_gain >= 500 or percentile_gain >= 0.2
FGRAMPH1_01G17079	FGRAMPH1_01G17079			False	True	0.877044773826895	0.9930880884724675	0.7453535318374633	0.9865556716918945	1574	63	0.11604331464557249	0.11604331464557249	1511	5	5	False	True	ESM2_unique	False	True	ESM2_unique	False	True	ESM2_unique	not Top500 baseline; Top500 ESM2; rank_gain >= 500 or percentile_gain >= 0.2
FGRAMPH1_01G18637	fgraminearum::FGRAMPH1_01G18637	train	0.0	True	True	0.8501651178864911	0.9649796482605023	0.6896126508712769	0.9562402367591858	1923	418	0.11481453037401124	0.11481453037401124	1505	5	5	False	False	Neither	False	False	Neither	False	True	ESM2_unique	not Top500 baseline; Top500 ESM2; rank_gain >= 500 or percentile_gain >= 0.2
FGRAMPH1_01G26381	fgraminearum::FGRAMPH1_01G26381	train	0.0	True	False	0.8466477229091467	0.9594501190384763	0.6840519666671753	0.9466194987297059	1966	485	0.11280239612932963	0.11280239612932963	1481	5	5	False	False	Neither	False	False	Neither	False	True	ESM2_unique	not Top500 baseline; Top500 ESM2; rank_gain >= 500 or percentile_gain >= 0.2
FGRAMPH1_01G23053	fgraminearum::FGRAMPH1_01G23053	train	1.0	True	True	0.8618539282697182	0.9715536441133553	0.7191886305809021	0.9633555054664612	1770	322	0.10969971584363714	0.10969971584363714	1448	5	5	False	False	Neither	False	False	Neither	False	True	ESM2_unique	not Top500 baseline; Top500 ESM2; rank_gain >= 500 or percentile_gain >= 0.2
FGRAMPH1_01G10683	FGRAMPH1_01G10683			False	True	0.8670762614238537	0.9748406420397819	0.7217740535736084	0.964219331741333	1709	284	0.10776438061592819	0.10776438061592819	1425	5	5	False	False	Neither	False	False	Neither	False	True	ESM2_unique	not Top500 baseline; Top500 ESM2; rank_gain >= 500 or percentile_gain >= 0.2
FGRAMPH1_01G19005	fgraminearum::FGRAMPH1_01G19005	train	1.0	True	True	0.8774902081253361	0.9852545887412643	0.7541308045387268	0.9771497368812561	1571	157	0.10776438061592819	0.10776438061592819	1414	5	5	False	False	Neither	False	True	ESM2_unique	False	True	ESM2_unique	not Top500 baseline; Top500 ESM2; rank_gain >= 500 or percentile_gain >= 0.2
FGRAMPH1_01G26163	fgraminearum::FGRAMPH1_01G26163	train	1.0	True	True	0.8632977497888026	0.9689424775362875	0.7258527636528015	0.9593558788299561	1747	363	0.1056447277474849	0.1056447277474849	1384	5	5	False	False	Neither	False	False	Neither	False	True	ESM2_unique	not Top500 baseline; Top500 ESM2; rank_gain >= 500 or percentile_gain >= 0.2
FGRAMPH1_01G09819	fgraminearum::FGRAMPH1_01G09819	test	1.0	True	False	0.8655095614776132	0.9677290530681206	0.7293800473213196	0.9576211094856262	1724	369	0.10221949159050747	0.10221949159050747	1355	5	5	False	False	Neither	False	False	Neither	False	True	ESM2_unique	not Top500 baseline; Top500 ESM2; rank_gain >= 500 or percentile_gain >= 0.2
FGRAMPH1_01G03317	fgraminearum::FGRAMPH1_01G03317	val	1.0	True	False	0.8629291145073343	0.9653790031487597	0.722903311252594	0.9547435760498046	1752	408	0.10244988864142535	0.10244988864142535	1344	5	5	False	False	Neither	False	False	Neither	False	True	ESM2_unique	not Top500 baseline; Top500 ESM2; rank_gain >= 500 or percentile_gain >= 0.2
FGRAMPH1_01G17533	fgraminearum::FGRAMPH1_01G17533	train	0.0	True	True	0.8684740035327547	0.969910145150142	0.7297122597694397	0.9610122561454773	1684	345	0.10143614161738723	0.10143614161738723	1339	5	5	False	False	Neither	False	False	Neither	False	True	ESM2_unique	not Top500 baseline; Top500 ESM2; rank_gain >= 500 or percentile_gain >= 0.2
FGRAMPH1_01G07127	fgraminearum::FGRAMPH1_01G07127	train	0.0	True	True	0.8762767836571692	0.9766377390369403	0.7534810781478882	0.9704006671905517	1588	257	0.10036095537977108	0.10036095537977108	1331	5	5	False	False	Neither	False	False	Neither	False	True	ESM2_unique	not Top500 baseline; Top500 ESM2; rank_gain >= 500 or percentile_gain >= 0.2
FGRAMPH1_01G23925	fgraminearum::FGRAMPH1_01G23925	val	0.0	True	True	0.8793180247292834	0.9789877889563015	0.7572867512702942	0.9714038372039795	1548	229	0.09966976422701801	0.09966976422701801	1319	5	5	False	False	Neither	False	False	Neither	False	True	ESM2_unique	not Top500 baseline; Top500 ESM2; rank_gain >= 500 or percentile_gain >= 0.2
FGRAMPH1_01G03379	fgraminearum::FGRAMPH1_01G03379	val	1.0	True	True	0.8809461638891023	0.9793717840411642	0.7609814524650573	0.9724382638931275	1530	225	0.09842562015206191	0.09842562015206191	1305	5	5	False	False	Neither	False	False	Neither	False	True	ESM2_unique	not Top500 baseline; Top500 ESM2; rank_gain >= 500 or percentile_gain >= 0.2
FGRAMPH1_01G06261	fgraminearum::FGRAMPH1_01G06261	train	1.0	True	True	0.8835419706627755	0.9807388065432763	0.769105052947998	0.9713957786560059	1499	216	0.09719683588050076	0.09719683588050076	1283	5	5	False	False	Neither	False	False	Neither	False	True	ESM2_unique	not Top500 baseline; Top500 ESM2; rank_gain >= 500 or percentile_gain >= 0.2
FGRAMPH1_01G24451	FGRAMPH1_01G24451			False	True	0.8675831349358727	0.964288457107749	0.722778856754303	0.9545398950576782	1698	430	0.09670532217187633	0.09670532217187633	1268	5	5	False	False	Neither	False	False	Neither	False	True	ESM2_unique	not Top500 baseline; Top500 ESM2; rank_gain >= 500 or percentile_gain >= 0.2
FGRAMPH1_01G11793	fgraminearum::FGRAMPH1_01G11793	train	0.0	True	True	0.8735734582597343	0.9666999462406881	0.7384182453155518	0.9246945142745971	1632	389	0.0931264879809538	0.0931264879809538	1243	5	5	False	False	Neither	False	False	Neither	False	True	ESM2_unique	not Top500 baseline; Top500 ESM2; rank_gain >= 500 or percentile_gain >= 0.2
FGRAMPH1_01G02167	fgraminearum::FGRAMPH1_01G02167	train	1.0	True	True	0.8823131863912141	0.9755625527993242	0.766287088394165	0.9677422404289245	1510	275	0.0932493664081101	0.0932493664081101	1235	5	5	False	False	Neither	False	False	Neither	False	True	ESM2_unique	not Top500 baseline; Top500 ESM2; rank_gain >= 500 or percentile_gain >= 0.2
FGRAMPH1_01G03087	fgraminearum::FGRAMPH1_01G03087	train	1.0	True	True	0.8675831349358727	0.9607710621304048	0.7334489107131958	0.9491744875907898	1697	475	0.09318792719453206	0.09318792719453206	1222	5	5	False	False	Neither	False	False	Neither	False	True	ESM2_unique	not Top500 baseline; Top500 ESM2; rank_gain >= 500 or percentile_gain >= 0.2
FGRAMPH1_01G04899	fgraminearum::FGRAMPH1_01G04899	val	1.0	True	True	0.8912525919668228	0.9828584594117196	0.7618295192718506	0.9780052542686463	1402	184	0.09160586744489674	0.09160586744489674	1218	5	5	False	False	Neither	False	True	ESM2_unique	False	True	ESM2_unique	not Top500 baseline; Top500 ESM2; rank_gain >= 500 or percentile_gain >= 0.2
FGRAMPH1_01G28201	fgraminearum::FGRAMPH1_01G28201	val	0.0	True	True	0.8954150986867369	0.9863912141924583	0.7944047093391419	0.9818740606307983	1350	140	0.09097611550572149	0.09097611550572149	1210	5	5	False	False	Neither	False	True	ESM2_unique	False	True	ESM2_unique	not Top500 baseline; Top500 ESM2; rank_gain >= 500 or percentile_gain >= 0.2
FGRAMPH1_01G17561	fgraminearum::FGRAMPH1_01G17561	train	1.0	True	True	0.8897166116273711	0.9808156055602488	0.781328308582306	0.9733696341514587	1424	215	0.09109899393287768	0.09109899393287768	1209	5	5	False	False	Neither	False	False	Neither	False	True	ESM2_unique	not Top500 baseline; Top500 ESM2; rank_gain >= 500 or percentile_gain >= 0.2
FGRAMPH1_01G07769	fgraminearum::FGRAMPH1_01G07769	train	1.0	True	True	0.8776745257660702	0.9676983334613316	0.7550633788108826	0.9574838042259216	1563	370	0.09002380769526142	0.09002380769526142	1193	5	5	False	False	Neither	False	False	Neither	False	True	ESM2_unique	not Top500 baseline; Top500 ESM2; rank_gain >= 500 or percentile_gain >= 0.2
FGRAMPH1_01G06161	fgraminearum::FGRAMPH1_01G06161	test	0.0	True	True	0.899700483833807	0.9870824053452116	0.7942081809043884	0.9821936845779419	1285	130	0.08738192151140467	0.08738192151140467	1155	5	5	False	False	Neither	False	True	ESM2_unique	False	True	ESM2_unique	not Top500 baseline; Top500 ESM2; rank_gain >= 500 or percentile_gain >= 0.2
FGRAMPH1_01G23105	fgraminearum::FGRAMPH1_01G23105	train	1.0	True	True	0.8948160663543506	0.9812917594654789	0.7924614429473877	0.9733676910400391	1361	208	0.08647569311112824	0.08647569311112824	1153	5	5	False	False	Neither	False	False	Neither	False	True	ESM2_unique	not Top500 baseline; Top500 ESM2; rank_gain >= 500 or percentile_gain >= 0.2
FGRAMPH1_01G06833	fgraminearum::FGRAMPH1_01G06833	train	1.0	True	True	0.8719299592965211	0.9577605406650795	0.7431335210800171	0.9401075959205627	1652	500	0.08583058136855848	0.08583058136855848	1152	5	5	False	False	Neither	False	False	Neither	False	True	ESM2_unique	not Top500 baseline; Top500 ESM2; rank_gain >= 500 or percentile_gain >= 0.2
FGRAMPH1_01G17915	fgraminearum::FGRAMPH1_01G17915	train	1.0	True	True	0.8950157437984794	0.9800015359803395	0.7948235511779785	0.9726347208023072	1357	220	0.08498579218186009	0.08498579218186009	1137	5	5	False	False	Neither	False	False	Neither	False	True	ESM2_unique	not Top500 baseline; Top500 ESM2; rank_gain >= 500 or percentile_gain >= 0.2
FGRAMPH1_01G14683	fgraminearum::FGRAMPH1_01G14683	train	1.0	True	True	0.878027801244144	0.9615390523001306	0.7539740800857544	0.9519047379493714	1558	466	0.08351125105598656	0.08351125105598656	1092	5	5	False	False	Neither	False	False	Neither	False	True	ESM2_unique	not Top500 baseline; Top500 ESM2; rank_gain >= 500 or percentile_gain >= 0.2
FGRAMPH1_01G15413	FGRAMPH1_01G15413			False	True	0.8811612011366254	0.9634436679210505	0.7602385640144348	0.9532123804092407	1527	441	0.08228246678442508	0.08228246678442508	1086	5	5	False	False	Neither	False	False	Neither	False	True	ESM2_unique	not Top500 baseline; Top500 ESM2; rank_gain >= 500 or percentile_gain >= 0.2
FGRAMPH1_01G19767	fgraminearum::FGRAMPH1_01G19767	test	1.0	True	True	0.8902542047461793	0.9704938176791338	0.783238661289215	0.9616633415222168	1417	338	0.08023961293295445	0.08023961293295445	1079	5	5	False	False	Neither	False	False	Neither	False	True	ESM2_unique	not Top500 baseline; Top500 ESM2; rank_gain >= 500 or percentile_gain >= 0.2
FGRAMPH1_01G26835	fgraminearum::FGRAMPH1_01G26835	test	1.0	True	True	0.8923892174180171	0.9724137931034482	0.7829878926277161	0.9647480726242066	1387	313	0.08002457568543109	0.08002457568543109	1074	5	5	False	False	Neither	False	False	Neither	False	True	ESM2_unique	not Top500 baseline; Top500 ESM2; rank_gain >= 500 or percentile_gain >= 0.2
FGRAMPH1_01G23357	fgraminearum::FGRAMPH1_01G23357	train	1.0	True	True	0.8903617233699409	0.9698179863297749	0.7856683135032654	0.9600758552551272	1415	347	0.07945626295983399	0.07945626295983399	1068	5	5	False	False	Neither	False	False	Neither	False	True	ESM2_unique	not Top500 baseline; Top500 ESM2; rank_gain >= 500 or percentile_gain >= 0.2
FGRAMPH1_01G02065	fgraminearum::FGRAMPH1_01G02065	test	0.0	True	True	0.8976729897857307	0.9770217341218033	0.7990483999252319	0.9708175539970398	1305	255	0.07934874433607253	0.07934874433607253	1050	5	5	False	False	Neither	False	False	Neither	False	True	ESM2_unique	not Top500 baseline; Top500 ESM2; rank_gain >= 500 or percentile_gain >= 0.2
FGRAMPH1_01G01291	fgraminearum::FGRAMPH1_01G01291	train	1.0	True	True	0.9114660932340065	0.9901236464173259	0.8263152718544007	0.9833933472633362	1131	95	0.07865755318331935	0.07865755318331935	1036	5	5	False	True	ESM2_unique	False	True	ESM2_unique	False	True	ESM2_unique	not Top500 baseline; Top500 ESM2; rank_gain >= 500 or percentile_gain >= 0.2
FGRAMPH1_01G06255	fgraminearum::FGRAMPH1_01G06255	train	1.0	True	True	0.8845557176868135	0.9625988787343521	0.7730818867683411	0.9496020555496216	1486	450	0.07804316104753861	0.07804316104753861	1036	5	5	False	False	Neither	False	False	Neither	False	True	ESM2_unique	not Top500 baseline; Top500 ESM2; rank_gain >= 500 or percentile_gain >= 0.2
FGRAMPH1_01G24133	fgraminearum::FGRAMPH1_01G24133	train	1.0	True	True	0.9104523462099685	0.9858229014668612	0.8229745030403137	0.9795725226402283	1150	150	0.07537055525689274	0.07537055525689274	1000	5	5	False	False	Neither	False	True	ESM2_unique	False	True	ESM2_unique	not Top500 baseline; Top500 ESM2; rank_gain >= 500 or percentile_gain >= 0.2
FGRAMPH1_01G20201	fgraminearum::FGRAMPH1_01G20201	train	0.0	True	True	0.9171799400967668	0.9920897012518239	0.8356720209121704	0.9858420491218567	1065	74	0.0749097611550571	0.0749097611550571	991	5	5	False	True	ESM2_unique	False	True	ESM2_unique	False	True	ESM2_unique	not Top500 baseline; Top500 ESM2; rank_gain >= 500 or percentile_gain >= 0.2
FGRAMPH1_01G20353	fgraminearum::FGRAMPH1_01G20353	test	1.0	True	True	0.9024038092312419	0.9766223792335458	0.8091202020645142	0.9698763847351074	1248	258	0.07421857000230392	0.07421857000230392	990	5	5	False	False	Neither	False	False	Neither	False	True	ESM2_unique	not Top500 baseline; Top500 ESM2; rank_gain >= 500 or percentile_gain >= 0.2
FGRAMPH1_01G01181	fgraminearum::FGRAMPH1_01G01181	train	1.0	True	True	0.9093157207587742	0.982397665309884	0.8223839402198792	0.9740331172943115	1163	194	0.07308194455110983	0.07308194455110983	969	5	5	False	False	Neither	False	True	ESM2_unique	False	True	ESM2_unique	not Top500 baseline; Top500 ESM2; rank_gain >= 500 or percentile_gain >= 0.2
FGRAMPH1_01G06617	FGRAMPH1_01G06617			False	True	0.8995776054066507	0.970801013747024	0.8014038801193237	0.9620996236801147	1286	329	0.07122340834037333	0.07122340834037333	957	5	5	False	False	Neither	False	False	Neither	False	True	ESM2_unique	not Top500 baseline; Top500 ESM2; rank_gain >= 500 or percentile_gain >= 0.2
FGRAMPH1_01G20493	fgraminearum::FGRAMPH1_01G20493	train	1.0	True	True	0.8965363643345364	0.9678365716918824	0.7975814819335938	0.9601389169692993	1323	368	0.07130020735734599	0.07130020735734599	955	5	5	False	False	Neither	False	False	Neither	False	True	ESM2_unique	not Top500 baseline; Top500 ESM2; rank_gain >= 500 or percentile_gain >= 0.2
FGRAMPH1_01G24995	fgraminearum::FGRAMPH1_01G24995	train	0.0	True	True	0.8919745027263651	0.9633207894938944	0.7849317073822022	0.9078358054161072	1396	442	0.0713462867675293	0.0713462867675293	954	5	5	False	False	Neither	False	False	Neither	False	True	ESM2_unique	not Top500 baseline; Top500 ESM2; rank_gain >= 500 or percentile_gain >= 0.2
FGRAMPH1_01G17191	fgraminearum::FGRAMPH1_01G17191	train	1.0	True	True	0.9015590200445434	0.9724291529068427	0.8033078074455261	0.9638935685157776	1265	312	0.07087013286229937	0.07087013286229937	953	5	5	False	False	Neither	False	False	Neither	False	True	ESM2_unique	not Top500 baseline; Top500 ESM2; rank_gain >= 500 or percentile_gain >= 0.2
FGRAMPH1_01G11115	fgraminearum::FGRAMPH1_01G11115	train	1.0	True	True	0.8903002841563629	0.9606328238998542	0.7843743562698364	0.9511443138122558	1416	477	0.0703325397434913	0.0703325397434913	939	5	5	False	False	Neither	False	False	Neither	False	True	ESM2_unique	not Top500 baseline; Top500 ESM2; rank_gain >= 500 or percentile_gain >= 0.2
FGRAMPH1_01G06065	fgraminearum::FGRAMPH1_01G06065	train	0.0	True	True	0.8890714998848015	0.9577912602718686	0.7766405582427979	0.9456108331680297	1437	499	0.06871976038706706	0.06871976038706706	938	5	5	False	False	Neither	False	False	Neither	False	True	ESM2_unique	not Top500 baseline; Top500 ESM2; rank_gain >= 500 or percentile_gain >= 0.2
FGRAMPH1_01G22851	fgraminearum::FGRAMPH1_01G22851	train	0.0	True	True	0.9075800629751939	0.9774057292066661	0.817614734172821	0.9702006578445435	1184	249	0.06982566623147224	0.06982566623147224	935	5	5	False	False	Neither	False	False	Neither	False	True	ESM2_unique	not Top500 baseline; Top500 ESM2; rank_gain >= 500 or percentile_gain >= 0.2
FGRAMPH1_01G19799	fgraminearum::FGRAMPH1_01G19799	test	1.0	True	True	0.9086091698026266	0.9773442899930881	0.8207231640815735	0.9702197074890136	1172	250	0.06873512019046146	0.06873512019046146	922	5	5	False	False	Neither	False	False	Neither	False	True	ESM2_unique	not Top500 baseline; Top500 ESM2; rank_gain >= 500 or percentile_gain >= 0.2
FGRAMPH1_01G14519	fgraminearum::FGRAMPH1_01G14519	train	1.0	True	True	0.8916673066584748	0.959711235696183	0.7831543803215026	0.9469904184341431	1399	483	0.06804392903770817	0.06804392903770817	916	5	5	False	False	Neither	False	False	Neither	False	True	ESM2_unique	not Top500 baseline; Top500 ESM2; rank_gain >= 500 or percentile_gain >= 0.2
FGRAMPH1_01G10343	fgraminearum::FGRAMPH1_01G10343	val	0.0	True	True	0.8992243299285769	0.9670685815221566	0.8025596618652344	0.9581321477890015	1289	381	0.06784425159357965	0.06784425159357965	908	5	5	False	False	Neither	False	False	Neither	False	True	ESM2_unique	not Top500 baseline; Top500 ESM2; rank_gain >= 500 or percentile_gain >= 0.2
FGRAMPH1_01G20167	fgraminearum::FGRAMPH1_01G20167	train	0.0	True	True	0.892742492896091	0.9606942631134322	0.7896815299987793	0.9501250863075257	1382	476	0.06795177021734122	0.06795177021734122	906	5	5	False	False	Neither	False	False	Neither	False	True	ESM2_unique	not Top500 baseline; Top500 ESM2; rank_gain >= 500 or percentile_gain >= 0.2
FGRAMPH1_01G02279	fgraminearum::FGRAMPH1_01G02279	val	1.0	True	True	0.9217571615083326	0.9894631748713616	0.8425426363945008	0.9820206046104432	1006	106	0.06770601336302895	0.06770601336302895	900	5	5	False	False	Neither	False	True	ESM2_unique	False	True	ESM2_unique	not Top500 baseline; Top500 ESM2; rank_gain >= 500 or percentile_gain >= 0.2
FGRAMPH1_01G20485	fgraminearum::FGRAMPH1_01G20485	train	1.0	True	True	0.9072114276937254	0.9739651332462944	0.8162319540977478	0.9651105642318726	1189	290	0.06675370555256899	0.06675370555256899	899	5	5	False	False	Neither	False	False	Neither	False	True	ESM2_unique	not Top500 baseline; Top500 ESM2; rank_gain >= 500 or percentile_gain >= 0.2
FGRAMPH1_01G09029	fgraminearum::FGRAMPH1_01G09029	train	1.0	True	True	0.9163505107134629	0.9828891790185086	0.8231691241264343	0.9757781863212586	1076	183	0.06653866830504573	0.06653866830504573	893	5	5	False	False	Neither	False	True	ESM2_unique	False	True	ESM2_unique	not Top500 baseline; Top500 ESM2; rank_gain >= 500 or percentile_gain >= 0.2
FGRAMPH1_01G02115	fgraminearum::FGRAMPH1_01G02115	train	1.0	True	True	0.9241686506412717	0.9917671453805392	0.845491623878479	0.9871869206428527	971	79	0.06759849473926749	0.06759849473926749	892	5	5	False	True	ESM2_unique	False	True	ESM2_unique	False	True	ESM2_unique	not Top500 baseline; Top500 ESM2; rank_gain >= 500 or percentile_gain >= 0.2
FGRAMPH1_01G05925	fgraminearum::FGRAMPH1_01G05925	train	1.0	True	True	0.9237692957530144	0.9898318101528301	0.8455467462539673	0.9833871483802795	978	98	0.0660625143998157	0.0660625143998157	880	5	5	False	True	ESM2_unique	False	True	ESM2_unique	False	True	ESM2_unique	not Top500 baseline; Top500 ESM2; rank_gain >= 500 or percentile_gain >= 0.2
FGRAMPH1_01G19225	fgraminearum::FGRAMPH1_01G19225	val	1.0	True	True	0.9302511327855003	0.9973888334229322	0.8566593050956726	0.9923019647598267	899	27	0.06713770063743185	0.06713770063743185	872	5	5	False	True	ESM2_unique	False	True	ESM2_unique	False	True	ESM2_unique	not Top500 baseline; Top500 ESM2; rank_gain >= 500 or percentile_gain >= 0.2
FGRAMPH1_01G20013	FGRAMPH1_01G20013			False	True	0.9301128945549497	0.9961293295445819	0.8566293954849243	0.9907011985778809	903	35	0.06601643498963217	0.06601643498963217	868	5	5	False	True	ESM2_unique	False	True	ESM2_unique	False	True	ESM2_unique	not Top500 baseline; Top500 ESM2; rank_gain >= 500 or percentile_gain >= 0.2
FGRAMPH1_01G02617	fgraminearum::FGRAMPH1_01G02617	train	1.0	True	True	0.9110667383457491	0.9754550341755625	0.822147011756897	0.9671085953712464	1139	277	0.06438829582981331	0.06438829582981331	862	5	5	False	False	Neither	False	False	Neither	False	True	ESM2_unique	not Top500 baseline; Top500 ESM2; rank_gain >= 500 or percentile_gain >= 0.2
FGRAMPH1_01G14719	fgraminearum::FGRAMPH1_01G14719	train	1.0	True	True	0.9207280546809	0.9847323554258505	0.8418622970581054	0.9762102842330933	1016	163	0.06400430074495045	0.06400430074495045	853	5	5	False	False	Neither	False	True	ESM2_unique	False	True	ESM2_unique	not Top500 baseline; Top500 ESM2; rank_gain >= 500 or percentile_gain >= 0.2
FGRAMPH1_01G06923	fgraminearum::FGRAMPH1_01G06923	train	1.0	True	True	0.9028338837262883	0.9653790031487597	0.8102980971336364	0.95645991563797	1244	409	0.06254511942247143	0.06254511942247143	835	5	5	False	False	Neither	False	False	Neither	False	True	ESM2_unique	not Top500 baseline; Top500 ESM2; rank_gain >= 500 or percentile_gain >= 0.2
FGRAMPH1_01G01705	fgraminearum::FGRAMPH1_01G01705	train	1.0	True	True	0.8965978035481147	0.9589278857230628	0.7956023693084717	0.9472049236297607	1321	490	0.062330082174948065	0.062330082174948065	831	5	5	False	False	Neither	False	False	Neither	False	True	ESM2_unique	not Top500 baseline; Top500 ESM2; rank_gain >= 500 or percentile_gain >= 0.2
FGRAMPH1_01G06099	fgraminearum::FGRAMPH1_01G06099	train	0.0	True	True	0.9048613777743645	0.9658705168573842	0.8111921310424804	0.9561186671257019	1219	400	0.06100913908301975	0.06100913908301975	819	5	5	False	False	Neither	False	False	Neither	False	True	ESM2_unique	not Top500 baseline; Top500 ESM2; rank_gain >= 500 or percentile_gain >= 0.2
FGRAMPH1_01G25823	fgraminearum::FGRAMPH1_01G25823	train	1.0	True	True	0.9244144074955841	0.9854542661853929	0.8467065811157226	0.9782175779342651	968	153	0.06103985868980877	0.06103985868980877	815	5	5	False	False	Neither	False	True	ESM2_unique	False	True	ESM2_unique	not Top500 baseline; Top500 ESM2; rank_gain >= 500 or percentile_gain >= 0.2
FGRAMPH1_01G14649	fgraminearum::FGRAMPH1_01G14649	train	1.0	True	True	0.9224637124644804	0.9831502956762153	0.8460265874862671	0.9756214380264282	994	181	0.06068658321173481	0.06068658321173481	813	5	5	False	False	Neither	False	True	ESM2_unique	False	True	ESM2_unique	not Top500 baseline; Top500 ESM2; rank_gain >= 500 or percentile_gain >= 0.2
FGRAMPH1_01G15109	fgraminearum::FGRAMPH1_01G15109	val	0.0	True	True	0.916058674448967	0.9758236694570309	0.8324871301651001	0.968820583820343	1080	267	0.05976499500806387	0.05976499500806387	813	5	5	False	False	Neither	False	False	Neither	False	True	ESM2_unique	not Top500 baseline; Top500 ESM2; rank_gain >= 500 or percentile_gain >= 0.2
FGRAMPH1_01G02533	FGRAMPH1_01G02533			False	True	0.9060440826357423	0.9661930727286692	0.816320824623108	0.9580294609069824	1207	395	0.060148990092926846	0.060148990092926846	812	5	5	False	False	Neither	False	False	Neither	False	True	ESM2_unique	not Top500 baseline; Top500 ESM2; rank_gain >= 500 or percentile_gain >= 0.2
FGRAMPH1_01G14235	fgraminearum::FGRAMPH1_01G14235	train	1.0	True	True	0.9033253974349128	0.96425773750096	0.810340678691864	0.9559866666793824	1237	431	0.0609323400660472	0.0609323400660472	806	5	5	False	False	Neither	False	False	Neither	False	True	ESM2_unique	not Top500 baseline; Top500 ESM2; rank_gain >= 500 or percentile_gain >= 0.2
FGRAMPH1_01G00949	fgraminearum::FGRAMPH1_01G00949	train	0.0	True	True	0.9345365179325704	0.9961139697411874	0.8627051115036011	0.9912742733955383	840	36	0.061577451808616956	0.061577451808616956	804	5	5	False	True	ESM2_unique	False	True	ESM2_unique	False	True	ESM2_unique	not Top500 baseline; Top500 ESM2; rank_gain >= 500 or percentile_gain >= 0.2
FGRAMPH1_01G17725	fgraminearum::FGRAMPH1_01G17725	train	1.0	True	True	0.9016511788649104	0.9619844865985716	0.8086844086647034	0.9519166946411133	1260	459	0.06033330773366119	0.06033330773366119	801	5	5	False	False	Neither	False	False	Neither	False	True	ESM2_unique	not Top500 baseline; Top500 ESM2; rank_gain >= 500 or percentile_gain >= 0.2
FGRAMPH1_01G10303	fgraminearum::FGRAMPH1_01G10303	train	1.0	True	True	0.9370248060824821	0.9984486598571538	0.8674469232559204	0.994307279586792	807	15	0.061423853774671744	0.061423853774671744	792	5	5	False	True	ESM2_unique	False	True	ESM2_unique	False	True	ESM2_unique	not Top500 baseline; Top500 ESM2; rank_gain >= 500 or percentile_gain >= 0.2
FGRAMPH1_01G19469	fgraminearum::FGRAMPH1_01G19469	train	1.0	True	True	0.9087013286229937	0.9670071423085785	0.8187037467956543	0.9586608529090881	1170	383	0.05830581368558485	0.05830581368558485	787	5	5	False	False	Neither	False	False	Neither	False	True	ESM2_unique	not Top500 baseline; Top500 ESM2; rank_gain >= 500 or percentile_gain >= 0.2
FGRAMPH1_01G06691	FGRAMPH1_01G06691			False	True	0.9336456493356884	0.9917825051839337	0.8295502841472626	0.986574649810791	856	78	0.05813685584824535	0.05813685584824535	778	5	5	False	True	ESM2_unique	False	True	ESM2_unique	False	True	ESM2_unique	not Top500 baseline; Top500 ESM2; rank_gain >= 500 or percentile_gain >= 0.2
FGRAMPH1_01G08327	fgraminearum::FGRAMPH1_01G08327	val	0.0	True	True	0.9079179786498732	0.9655172413793103	0.8173634529113769	0.955178165435791	1177	405	0.05759926272943705	0.05759926272943705	772	5	5	False	False	Neither	False	False	Neither	False	True	ESM2_unique	not Top500 baseline; Top500 ESM2; rank_gain >= 500 or percentile_gain >= 0.2
FGRAMPH1_01G18141	fgraminearum::FGRAMPH1_01G18141	train	1.0	True	True	0.9075032639582213	0.964288457107749	0.8165981292724609	0.9541036248207092	1185	429	0.05678519314952768	0.05678519314952768	756	5	5	False	False	Neither	False	False	Neither	False	True	ESM2_unique	not Top500 baseline; Top500 ESM2; rank_gain >= 500 or percentile_gain >= 0.2
FGRAMPH1_01G27641	fgraminearum::FGRAMPH1_01G27641	train	1.0	True	True	0.9313263190231165	0.9874817602334691	0.8580755949020386	0.9810219645500183	882	127	0.05615544121035265	0.05615544121035265	755	5	5	False	False	Neither	False	True	ESM2_unique	False	True	ESM2_unique	not Top500 baseline; Top500 ESM2; rank_gain >= 500 or percentile_gain >= 0.2
FGRAMPH1_01G02697	fgraminearum::FGRAMPH1_01G02697	train	0.0	True	True	0.9300975347515552	0.9853621073650258	0.8554396867752075	0.9804466128349304	904	155	0.05526457261347062	0.05526457261347062	749	5	5	False	False	Neither	False	True	ESM2_unique	False	True	ESM2_unique	not Top500 baseline; Top500 ESM2; rank_gain >= 500 or percentile_gain >= 0.2
FGRAMPH1_01G07959	fgraminearum::FGRAMPH1_01G07959	test	1.0	True	True	0.9069810306428078	0.9629214346056371	0.8140482306480408	0.9506601452827453	1191	446	0.05594040396282929	0.05594040396282929	745	5	5	False	False	Neither	False	False	Neither	False	True	ESM2_unique	not Top500 baseline; Top500 ESM2; rank_gain >= 500 or percentile_gain >= 0.2
FGRAMPH1_01G09997	fgraminearum::FGRAMPH1_01G09997	train	1.0	True	True	0.9128177559327242	0.967621534444359	0.8283910036087037	0.9536871910095215	1109	371	0.05480377851163487	0.05480377851163487	738	5	5	False	False	Neither	False	False	Neither	False	True	ESM2_unique	not Top500 baseline; Top500 ESM2; rank_gain >= 500 or percentile_gain >= 0.2
FGRAMPH1_01G00961	fgraminearum::FGRAMPH1_01G00961	val	1.0	True	True	0.9178557714461254	0.9716765225405115	0.8352245450019836	0.9637375950813294	1054	320	0.05382075109438611	0.05382075109438611	734	5	5	False	False	Neither	False	False	Neither	False	True	ESM2_unique	not Top500 baseline; Top500 ESM2; rank_gain >= 500 or percentile_gain >= 0.2
FGRAMPH1_01G20745	fgraminearum::FGRAMPH1_01G20745	train	1.0	True	True	0.942078181399278	0.9992473696336687	0.8765797138214111	0.9961172103881836	736	4	0.057169188234390655	0.057169188234390655	732	5	5	False	True	ESM2_unique	False	True	ESM2_unique	False	True	ESM2_unique	not Top500 baseline; Top500 ESM2; rank_gain >= 500 or percentile_gain >= 0.2
FGRAMPH1_01G03565	fgraminearum::FGRAMPH1_01G03565	test	1.0	True	True	0.9166116273711697	0.9703402196451887	0.8358514428138732	0.9588109850883484	1071	340	0.05372859227401894	0.05372859227401894	731	5	5	False	False	Neither	False	False	Neither	False	True	ESM2_unique	not Top500 baseline; Top500 ESM2; rank_gain >= 500 or percentile_gain >= 0.2
FGRAMPH1_01G06023	fgraminearum::FGRAMPH1_01G06023	train	1.0	True	True	0.9306197680669687	0.9845326779817218	0.8568453311920166	0.9774637460708618	896	166	0.05391290991475317	0.05391290991475317	730	5	5	False	False	Neither	False	True	ESM2_unique	False	True	ESM2_unique	not Top500 baseline; Top500 ESM2; rank_gain >= 500 or percentile_gain >= 0.2
FGRAMPH1_01G02299	fgraminearum::FGRAMPH1_01G02299	test	0.0	True	True	0.9155364411335535	0.9690653559634436	0.8304825544357299	0.9487269759178162	1087	361	0.053528914829890084	0.053528914829890084	726	5	5	False	False	Neither	False	False	Neither	False	True	ESM2_unique	not Top500 baseline; Top500 ESM2; rank_gain >= 500 or percentile_gain >= 0.2
FGRAMPH1_01G06107	fgraminearum::FGRAMPH1_01G06107	train	1.0	True	True	0.9285615544121034	0.9814299976960295	0.8507163405418396	0.975046718120575	923	207	0.05286844328392604	0.05286844328392604	716	5	5	False	False	Neither	False	False	Neither	False	True	ESM2_unique	not Top500 baseline; Top500 ESM2; rank_gain >= 500 or percentile_gain >= 0.2
FGRAMPH1_01G01883	fgraminearum::FGRAMPH1_01G01883	train	0.0	True	True	0.9076107825819829	0.9614776130865526	0.8176577806472778	0.9527302622795105	1183	468	0.05386683050456964	0.05386683050456964	715	5	5	False	False	Neither	False	False	Neither	False	True	ESM2_unique	not Top500 baseline; Top500 ESM2; rank_gain >= 500 or percentile_gain >= 0.2
FGRAMPH1_01G00815	fgraminearum::FGRAMPH1_01G00815	train	1.0	True	True	0.9232009830274173	0.9755932724061133	0.8459324717521668	0.9683544754981994	987	274	0.052392289378696	0.052392289378696	713	5	5	False	False	Neither	False	False	Neither	False	True	ESM2_unique	not Top500 baseline; Top500 ESM2; rank_gain >= 500 or percentile_gain >= 0.2
FGRAMPH1_01G18309	fgraminearum::FGRAMPH1_01G18309	train	1.0	True	True	0.9181476077106213	0.9706781353198679	0.8357560396194458	0.9620712399482727	1044	333	0.05253052760924659	0.05253052760924659	711	5	5	False	False	Neither	False	False	Neither	False	True	ESM2_unique	not Top500 baseline; Top500 ESM2; rank_gain >= 500 or percentile_gain >= 0.2
FGRAMPH1_01G03635	fgraminearum::FGRAMPH1_01G03635	train	1.0	True	True	0.9189155978803472	0.9707549343368405	0.8378479361534119	0.9605843186378479	1034	330	0.0518393364564933	0.0518393364564933	704	5	5	False	False	Neither	False	False	Neither	False	True	ESM2_unique	not Top500 baseline; Top500 ESM2; rank_gain >= 500 or percentile_gain >= 0.2
FGRAMPH1_01G00969	fgraminearum::FGRAMPH1_01G00969	val	1.0	True	True	0.9311573611857769	0.9825666231472237	0.8560938119888306	0.9741758823394775	885	186	0.051409261961446795	0.051409261961446795	699	5	5	False	False	Neither	False	True	ESM2_unique	False	True	ESM2_unique	not Top500 baseline; Top500 ESM2; rank_gain >= 500 or percentile_gain >= 0.2
FGRAMPH1_01G09597	fgraminearum::FGRAMPH1_01G09597	train	1.0	True	True	0.9127409569157514	0.9649950080638968	0.8284489154815674	0.9540838003158569	1111	417	0.05225405114814541	0.05225405114814541	694	5	5	False	False	Neither	False	False	Neither	False	True	ESM2_unique	not Top500 baseline; Top500 ESM2; rank_gain >= 500 or percentile_gain >= 0.2
FGRAMPH1_01G26573	fgraminearum::FGRAMPH1_01G26573	train	1.0	True	True	0.9115889716611628	0.9638891022194915	0.8261101245880127	0.9534403085708618	1128	435	0.05230013055832872	0.05230013055832872	693	5	5	False	False	Neither	False	False	Neither	False	True	ESM2_unique	not Top500 baseline; Top500 ESM2; rank_gain >= 500 or percentile_gain >= 0.2
FGRAMPH1_01G03059	fgraminearum::FGRAMPH1_01G03059	train	1.0	True	True	0.9179786498732817	0.9688810383227094	0.8368904232978821	0.9578439354896545	1049	364	0.05090238844942774	0.05090238844942774	685	5	5	False	False	Neither	False	False	Neither	False	True	ESM2_unique	not Top500 baseline; Top500 ESM2; rank_gain >= 500 or percentile_gain >= 0.2
FGRAMPH1_01G24583	fgraminearum::FGRAMPH1_01G24583	val	1.0	True	True	0.9202211811688811	0.9692343138007834	0.8421568155288697	0.9603296756744385	1021	360	0.04901313263190232	0.04901313263190232	661	5	5	False	False	Neither	False	False	Neither	False	True	ESM2_unique	not Top500 baseline; Top500 ESM2; rank_gain >= 500 or percentile_gain >= 0.2
FGRAMPH1_01G02989	fgraminearum::FGRAMPH1_01G02989	train	1.0	True	True	0.9224483526610859	0.9701712618078489	0.8431938290596008	0.9605618953704834	995	344	0.047722909146762915	0.047722909146762915	651	5	5	False	False	Neither	False	False	Neither	False	True	ESM2_unique	not Top500 baseline; Top500 ESM2; rank_gain >= 500 or percentile_gain >= 0.2
FGRAMPH1_01G19463	fgraminearum::FGRAMPH1_01G19463	train	1.0	True	True	0.9405729206666156	0.9886951847016359	0.8744811415672302	0.9824545860290528	762	112	0.04812226403502029	0.04812226403502029	650	5	5	False	False	Neither	False	True	ESM2_unique	False	True	ESM2_unique	not Top500 baseline; Top500 ESM2; rank_gain >= 500 or percentile_gain >= 0.2
FGRAMPH1_01G26663	fgraminearum::FGRAMPH1_01G26663	train	1.0	True	True	0.946209968512403	0.9955763766223793	0.8827584028244019	0.9898818254470825	683	41	0.04936640810997628	0.04936640810997628	642	5	5	False	True	ESM2_unique	False	True	ESM2_unique	False	True	ESM2_unique	not Top500 baseline; Top500 ESM2; rank_gain >= 500 or percentile_gain >= 0.2
FGRAMPH1_01G20499	fgraminearum::FGRAMPH1_01G20499	train	1.0	True	True	0.9178557714461254	0.9651025266876584	0.8371591329574585	0.9544842123985291	1055	413	0.04724675524153299	0.04724675524153299	642	5	5	False	False	Neither	False	False	Neither	False	True	ESM2_unique	not Top500 baseline; Top500 ESM2; rank_gain >= 500 or percentile_gain >= 0.2
FGRAMPH1_01G26037	fgraminearum::FGRAMPH1_01G26037	test	1.0	True	True	0.9206819752707165	0.9674064971968358	0.8375737071037292	0.9593568325042725	1017	376	0.04672452192611931	0.04672452192611931	641	5	5	False	False	Neither	False	False	Neither	False	True	ESM2_unique	not Top500 baseline; Top500 ESM2; rank_gain >= 500 or percentile_gain >= 0.2
FGRAMPH1_01G24959	fgraminearum::FGRAMPH1_01G24959	train	1.0	True	True	0.9427847323554259	0.9909069963904461	0.8795603275299072	0.9842072010040284	725	86	0.04812226403502018	0.04812226403502018	639	5	5	False	True	ESM2_unique	False	True	ESM2_unique	False	True	ESM2_unique	not Top500 baseline; Top500 ESM2; rank_gain >= 500 or percentile_gain >= 0.2
FGRAMPH1_01G10335	fgraminearum::FGRAMPH1_01G10335	train	1.0	True	True	0.9446279087627678	0.9931341678826511	0.8806012034416199	0.9866009831428528	699	61	0.048506259119883266	0.048506259119883266	638	5	5	False	True	ESM2_unique	False	True	ESM2_unique	False	True	ESM2_unique	not Top500 baseline; Top500 ESM2; rank_gain >= 500 or percentile_gain >= 0.2
FGRAMPH1_01G23721	FGRAMPH1_01G23721			False	True	0.9409876353582675	0.9876660778742032	0.8710063099861145	0.9836081981658935	754	123	0.04667844251593578	0.04667844251593578	631	5	5	False	False	Neither	False	True	ESM2_unique	False	True	ESM2_unique	not Top500 baseline; Top500 ESM2; rank_gain >= 500 or percentile_gain >= 0.2
FGRAMPH1_01G17375	fgraminearum::FGRAMPH1_01G17375	test	1.0	True	True	0.9360878580754166	0.9824130251132785	0.8668467402458191	0.9751827239990234	822	193	0.046325167037861936	0.046325167037861936	629	5	5	False	False	Neither	False	True	ESM2_unique	False	True	ESM2_unique	not Top500 baseline; Top500 ESM2; rank_gain >= 500 or percentile_gain >= 0.2
FGRAMPH1_01G20299	fgraminearum::FGRAMPH1_01G20299	val	1.0	True	True	0.9375777590046848	0.9838722064357576	0.8701559782028199	0.9749016046524048	799	171	0.046294447431072805	0.046294447431072805	628	5	5	False	False	Neither	False	True	ESM2_unique	False	True	ESM2_unique	not Top500 baseline; Top500 ESM2; rank_gain >= 500 or percentile_gain >= 0.2
FGRAMPH1_01G11299	fgraminearum::FGRAMPH1_01G11299	train	0.0	True	True	0.9407572383073497	0.9870516857384226	0.8735915184020996	0.9805583357810974	756	133	0.046294447431072916	0.046294447431072916	623	5	5	False	False	Neither	False	True	ESM2_unique	False	True	ESM2_unique	not Top500 baseline; Top500 ESM2; rank_gain >= 500 or percentile_gain >= 0.2
FGRAMPH1_01G20179	fgraminearum::FGRAMPH1_01G20179	train	1.0	True	True	0.9191152753244758	0.9650564472774749	0.8403130888938903	0.9552516937255859	1032	415	0.04594117195299907	0.04594117195299907	617	5	5	False	False	Neither	False	False	Neither	False	True	ESM2_unique	not Top500 baseline; Top500 ESM2; rank_gain >= 500 or percentile_gain >= 0.2
FGRAMPH1_01G11181	fgraminearum::FGRAMPH1_01G11181	train	1.0	True	True	0.9473158743568082	0.9935949619844866	0.8847926139831543	0.9870611190795898	668	59	0.046279087627678406	0.046279087627678406	609	5	5	False	True	ESM2_unique	False	True	ESM2_unique	False	True	ESM2_unique	not Top500 baseline; Top500 ESM2; rank_gain >= 500 or percentile_gain >= 0.2
FGRAMPH1_01G24247	fgraminearum::FGRAMPH1_01G24247	train	1.0	True	True	0.947576991014515	0.993103448275862	0.8848931908607482	0.9864467978477478	662	62	0.045526457261347075	0.045526457261347075	600	5	5	False	True	ESM2_unique	False	True	ESM2_unique	False	True	ESM2_unique	not Top500 baseline; Top500 ESM2; rank_gain >= 500 or percentile_gain >= 0.2
FGRAMPH1_01G23259	fgraminearum::FGRAMPH1_01G23259	train	1.0	True	True	0.9431533676368943	0.9874817602334691	0.8791598320007324	0.9811928868293762	718	126	0.04432839259657484	0.04432839259657484	592	5	5	False	False	Neither	False	True	ESM2_unique	False	True	ESM2_unique	not Top500 baseline; Top500 ESM2; rank_gain >= 500 or percentile_gain >= 0.2
FGRAMPH1_01G23591	fgraminearum::FGRAMPH1_01G23591	train	1.0	True	True	0.9439059980032255	0.9879886337454881	0.8797436594963074	0.9804550170898437	708	119	0.044082635742262566	0.044082635742262566	589	5	5	False	False	Neither	False	True	ESM2_unique	False	True	ESM2_unique	not Top500 baseline; Top500 ESM2; rank_gain >= 500 or percentile_gain >= 0.2
FGRAMPH1_01G02753	fgraminearum::FGRAMPH1_01G02753	train	1.0	True	True	0.9350280316411951	0.9781583595729975	0.8667538642883301	0.9701159119606018	831	242	0.04313032793180238	0.04313032793180238	589	5	5	False	False	Neither	False	False	Neither	False	True	ESM2_unique	not Top500 baseline; Top500 ESM2; rank_gain >= 500 or percentile_gain >= 0.2
FGRAMPH1_01G19281	fgraminearum::FGRAMPH1_01G19281	test	1.0	True	True	0.9413101912295522	0.9839336456493356	0.8756074786186219	0.9756108522415161	746	170	0.042623454419783435	0.042623454419783435	576	5	5	False	False	Neither	False	True	ESM2_unique	False	True	ESM2_unique	not Top500 baseline; Top500 ESM2; rank_gain >= 500 or percentile_gain >= 0.2
FGRAMPH1_01G18395	fgraminearum::FGRAMPH1_01G18395	test	0.0	True	True	0.9460410106750633	0.9886337454880577	0.8805130600929261	0.9854377269744873	686	113	0.042592734812994415	0.042592734812994415	573	5	5	False	False	Neither	False	True	ESM2_unique	False	True	ESM2_unique	not Top500 baseline; Top500 ESM2; rank_gain >= 500 or percentile_gain >= 0.2
FGRAMPH1_01G23117	fgraminearum::FGRAMPH1_01G23117	train	1.0	True	True	0.9497120036863528	0.9937332002150372	0.8879774808883667	0.9874332785606384	626	57	0.044021196528684414	0.044021196528684414	569	5	5	False	True	ESM2_unique	False	True	ESM2_unique	False	True	ESM2_unique	not Top500 baseline; Top500 ESM2; rank_gain >= 500 or percentile_gain >= 0.2
FGRAMPH1_01G06929	fgraminearum::FGRAMPH1_01G06929	train	1.0	True	True	0.9523846094769987	0.9981568235926581	0.8932438373565674	0.9939876317977905	585	18	0.04577221411565946	0.04577221411565946	567	5	5	False	True	ESM2_unique	False	True	ESM2_unique	False	True	ESM2_unique	not Top500 baseline; Top500 ESM2; rank_gain >= 500 or percentile_gain >= 0.2
FGRAMPH1_01G20477	fgraminearum::FGRAMPH1_01G20477	test	0.0	True	True	0.9464250057599262	0.9882958298133783	0.8833518147468566	0.9838374972343444	677	115	0.041870824053452105	0.041870824053452105	562	5	5	False	False	Neither	False	True	ESM2_unique	False	True	ESM2_unique	not Top500 baseline; Top500 ESM2; rank_gain >= 500 or percentile_gain >= 0.2
FGRAMPH1_01G24129	fgraminearum::FGRAMPH1_01G24129	train	1.0	True	True	0.94106443437524	0.9823823055064895	0.8751673340797425	0.9748465299606324	751	195	0.04131787113124952	0.04131787113124952	556	5	5	False	False	Neither	False	True	ESM2_unique	False	True	ESM2_unique	not Top500 baseline; Top500 ESM2; rank_gain >= 500 or percentile_gain >= 0.2
FGRAMPH1_01G17987	fgraminearum::FGRAMPH1_01G17987	train	1.0	True	True	0.9346440365563321	0.9737808156055603	0.864650297164917	0.9654607772827148	837	291	0.03913677904922819	0.03913677904922819	546	5	5	False	False	Neither	False	False	Neither	False	True	ESM2_unique	not Top500 baseline; Top500 ESM2; rank_gain >= 500 or percentile_gain >= 0.2
FGRAMPH1_01G23515	fgraminearum::FGRAMPH1_01G23515	train	1.0	True	True	0.951800936948007	0.9939635972659551	0.8917120218276977	0.9895988702774048	595	55	0.04216266031794802	0.04216266031794802	540	5	5	False	True	ESM2_unique	False	True	ESM2_unique	False	True	ESM2_unique	not Top500 baseline; Top500 ESM2; rank_gain >= 500 or percentile_gain >= 0.2
FGRAMPH1_01G26291	FGRAMPH1_01G26291			False	True	0.9380385531065203	0.9764380615928117	0.8686970114707947	0.9687846541404724	794	259	0.03839950848629137	0.03839950848629137	535	5	5	False	False	Neither	False	False	Neither	False	True	ESM2_unique	not Top500 baseline; Top500 ESM2; rank_gain >= 500 or percentile_gain >= 0.2
FGRAMPH1_01G10499	fgraminearum::FGRAMPH1_01G10499	test	0.0	True	True	0.9504031948391061	0.9910452346209968	0.8779632687568665	0.9862050294876099	617	85	0.04064203978189074	0.04064203978189074	532	5	5	False	True	ESM2_unique	False	True	ESM2_unique	False	True	ESM2_unique	not Top500 baseline; Top500 ESM2; rank_gain >= 500 or percentile_gain >= 0.2
FGRAMPH1_01G02937	fgraminearum::FGRAMPH1_01G02937	train	1.0	True	True	0.9505107134628676	0.9908455571768681	0.8894842505455017	0.9841233372688294	613	88	0.04033484371400042	0.04033484371400042	525	5	5	False	True	ESM2_unique	False	True	ESM2_unique	False	True	ESM2_unique	not Top500 baseline; Top500 ESM2; rank_gain >= 500 or percentile_gain >= 0.2
FGRAMPH1_01G17419	fgraminearum::FGRAMPH1_01G17419	train	0.0	True	True	0.9552415329083788	0.9971584363720144	0.8974022030830383	0.9935309410095214	546	28	0.041916903463635635	0.041916903463635635	518	5	5	False	True	ESM2_unique	False	True	ESM2_unique	False	True	ESM2_unique	not Top500 baseline; Top500 ESM2; rank_gain >= 500 or percentile_gain >= 0.2
FGRAMPH1_01G23329	fgraminearum::FGRAMPH1_01G23329	train	1.0	True	True	0.9384993472083558	0.9757468704400584	0.8716267108917236	0.9650526165962219	784	269	0.03724752323170255	0.03724752323170255	515	5	5	False	False	Neither	False	False	Neither	False	True	ESM2_unique	not Top500 baseline; Top500 ESM2; rank_gain >= 500 or percentile_gain >= 0.2
FGRAMPH1_01G04575	fgraminearum::FGRAMPH1_01G04575	train	0.0	True	True	0.9407111588971662	0.977697565471162	0.8750288486480713	0.9714219689369201	757	245	0.03698640657399588	0.03698640657399588	512	5	5	False	False	Neither	False	False	Neither	False	True	ESM2_unique	not Top500 baseline; Top500 ESM2; rank_gain >= 500 or percentile_gain >= 0.2
FGRAMPH1_01G17899	fgraminearum::FGRAMPH1_01G17899	train	1.0	True	True	0.9527378849550725	0.9922893786959527	0.8930047869682312	0.9848727345466614	580	72	0.039551493740880184	0.039551493740880184	508	5	5	False	True	ESM2_unique	False	True	ESM2_unique	False	True	ESM2_unique	not Top500 baseline; Top500 ESM2; rank_gain >= 500 or percentile_gain >= 0.2
